position,acc,wt_acc,rsa
26,273,274,0.996350364963504
27,41,104,0.394230769230769
28,128,236,0.542372881355932
29,38,201,0.189054726368159
30,6,159,0.0377358490566038
31,73,159,0.459119496855346
32,25,104,0.240384615384615
33,22,159,0.138364779874214
34,120,172,0.697674418604651
35,76,159,0.477987421383648
36,129,201,0.641791044776119
37,61,159,0.383647798742138
43,206,201,1.02487562189055
44,123,225,0.546666666666667
45,55,197,0.279187817258883
46,1,104,0.00961538461538462
47,4,197,0.0203045685279188
48,66,236,0.279661016949153
49,80,193,0.414507772020725
50,36,197,0.182741116751269
51,4,155,0.0258064516129032
52,131,236,0.555084745762712
53,59,155,0.380645161290323
54,4,201,0.0199004975124378
55,45,172,0.261627906976744
56,83,195,0.425641025641026
57,38,201,0.189054726368159
58,16,155,0.103225806451613
59,151,236,0.639830508474576
60,102,174,0.586206896551724
61,85,263,0.32319391634981
62,25,104,0.240384615384615
63,63,159,0.39622641509434
64,1,174,0.00574712643678161
65,0,240,0
66,2,172,0.0116279069767442
67,9,201,0.0447761194029851
68,72,263,0.273764258555133
69,78,240,0.325
70,46,104,0.442307692307692
71,164,201,0.81592039800995
72,133,236,0.563559322033898
73,35,159,0.220125786163522
74,35,197,0.177664974619289
75,0,174,0
76,0,174,0
77,0,201,0
78,26,224,0.116071428571429
79,18,104,0.173076923076923
80,18,263,0.0684410646387833
81,117,223,0.524663677130045
82,1,129,0.00775193798449612
83,0,174,0
84,59,236,0.25
85,61,223,0.273542600896861
86,0,129,0
87,2,201,0.00995024875621891
88,77,197,0.390862944162437
89,86,193,0.44559585492228
90,39,201,0.194029850746269
91,10,104,0.0961538461538462
92,81,223,0.36322869955157
93,56,223,0.251121076233184
94,1,240,0.00416666666666667
95,4,155,0.0258064516129032
96,3,104,0.0288461538461538
97,23,274,0.0839416058394161
98,0,104,0
99,113,197,0.573604060913706
100,43,240,0.179166666666667
101,79,159,0.49685534591195
102,91,201,0.45273631840796
103,81,129,0.627906976744186
104,38,223,0.170403587443946
105,201,274,0.733576642335766
106,26,129,0.201550387596899
107,29,195,0.148717948717949
108,23,274,0.0839416058394161
109,24,104,0.230769230769231
110,68,240,0.283333333333333
111,0,104,0
112,15,197,0.0761421319796954
113,27,174,0.155172413793103
114,64,240,0.266666666666667
115,2,155,0.0129032258064516
116,73,195,0.374358974358974
117,49,104,0.471153846153846
118,123,236,0.521186440677966
119,41,236,0.173728813559322
120,11,285,0.0385964912280702
121,87,236,0.36864406779661
122,53,223,0.237668161434978
123,0,197,0
124,36,274,0.131386861313869
125,150,274,0.547445255474453
126,23,240,0.0958333333333333
127,0,155,0
128,41,201,0.203980099502488
129,72,224,0.321428571428571
130,2,172,0.0116279069767442
131,19,201,0.0945273631840796
132,140,274,0.510948905109489
133,52,195,0.266666666666667
134,121,240,0.504166666666667
135,41,104,0.394230769230769
136,0,224,0
137,32,104,0.307692307692308
138,213,236,0.902542372881356
139,78,274,0.284671532846715
140,32,155,0.206451612903226
141,3,197,0.0152284263959391
142,46,223,0.20627802690583
143,65,193,0.336787564766839
144,3,274,0.0109489051094891
145,0,174,0
146,34,225,0.151111111111111
147,66,223,0.295964125560538
148,3,223,0.0134529147982063
149,3,129,0.0232558139534884
150,124,274,0.452554744525547
151,33,167,0.197604790419162
152,0,201,0
153,9,174,0.0517241379310345
154,108,223,0.484304932735426
155,26,223,0.116591928251121
156,0,201,0
157,80,274,0.291970802919708
158,101,236,0.427966101694915
159,27,172,0.156976744186047
160,166,236,0.703389830508475
161,35,129,0.271317829457364
162,58,155,0.374193548387097
163,67,159,0.421383647798742
164,13,167,0.0778443113772455
165,58,193,0.300518134715026
166,0,159,0
167,54,172,0.313953488372093
168,102,240,0.425
169,16,197,0.0812182741116751
170,0,201,0
171,12,104,0.115384615384615
172,0,167,0
173,0,129,0
174,0,159,0
175,0,167,0
176,0,195,0
177,1,174,0.00574712643678161
178,9,197,0.0456852791878173
179,0,167,0
180,7,155,0.0451612903225806
181,2,197,0.0101522842639594
182,0,197,0
183,8,240,0.0333333333333333
184,79,224,0.352678571428571
185,94,236,0.398305084745763
186,66,274,0.240875912408759
187,4,240,0.0166666666666667
188,75,193,0.38860103626943
189,5,263,0.0190114068441065
190,140,236,0.593220338983051
191,58,193,0.300518134715026
192,126,225,0.56
193,55,225,0.244444444444444
194,0,240,0
195,48,201,0.238805970149254
196,52,195,0.266666666666667
197,5,201,0.0248756218905473
198,10,224,0.0446428571428571
199,95,223,0.426008968609865
200,19,236,0.0805084745762712
201,9,201,0.0447761194029851
202,80,195,0.41025641025641
203,61,223,0.273542600896861
204,9,195,0.0461538461538462
205,48,197,0.243654822335025
206,135,236,0.572033898305085
207,17,197,0.0862944162436548
208,81,201,0.402985074626866
209,20,155,0.129032258064516
210,8,155,0.0516129032258065
211,17,159,0.106918238993711
212,48,285,0.168421052631579
213,77,197,0.390862944162437
221,121,159,0.761006289308176
222,113,197,0.573604060913706
223,35,197,0.177664974619289
224,30,193,0.155440414507772
225,64,263,0.243346007604563
226,141,240,0.5875
227,100,159,0.628930817610063
228,66,104,0.634615384615385
229,9,172,0.0523255813953488
230,94,224,0.419642857142857
231,123,195,0.630769230769231
232,44,236,0.186440677966102
233,15,201,0.0746268656716418
234,60,201,0.298507462686567
235,122,236,0.516949152542373
236,0,195,0
237,8,174,0.0459770114942529
238,54,129,0.418604651162791
239,78,240,0.325
240,6,224,0.0267857142857143
241,22,236,0.0932203389830508
242,77,155,0.496774193548387
243,24,263,0.091254752851711
244,2,197,0.0101522842639594
245,50,201,0.248756218905473
246,109,223,0.488789237668161
247,11,236,0.0466101694915254
248,0,174,0
249,133,236,0.563559322033898
250,87,223,0.390134529147982
251,23,224,0.102678571428571
252,84,225,0.373333333333333
253,163,223,0.730941704035874
254,93,155,0.6
255,67,224,0.299107142857143
256,80,193,0.414507772020725
257,75,224,0.334821428571429
258,144,195,0.738461538461539
259,82,195,0.420512820512821
260,17,159,0.106918238993711
261,72,225,0.32
262,2,193,0.0103626943005181
263,0,240,0
264,0,197,0
265,27,193,0.139896373056995
266,15,167,0.0898203592814371
267,0,240,0
268,9,201,0.0447761194029851
269,34,224,0.151785714285714
270,62,236,0.26271186440678
271,48,224,0.214285714285714
272,70,223,0.31390134529148
273,131,236,0.555084745762712
274,31,223,0.139013452914798
275,100,236,0.423728813559322
276,181,224,0.808035714285714
277,104,195,0.533333333333333
278,135,225,0.6
279,120,159,0.754716981132076
280,18,155,0.116129032258065
281,35,223,0.15695067264574
282,6,240,0.025
283,51,172,0.296511627906977
284,46,197,0.233502538071066
285,59,223,0.26457399103139
286,0,155,0
287,0,201,0
288,19,223,0.0852017937219731
289,0,195,0
290,0,172,0
291,0,129,0
292,5,174,0.028735632183908
293,6,193,0.0310880829015544
294,18,201,0.0895522388059701
295,3,240,0.0125
296,21,104,0.201923076923077
297,51,129,0.395348837209302
298,15,104,0.144230769230769
299,5,172,0.0290697674418605
300,44,223,0.197309417040359
301,46,172,0.267441860465116
302,6,172,0.0348837209302326
303,3,155,0.0193548387096774
304,5,172,0.0290697674418605
305,6,172,0.0348837209302326
306,0,201,0
307,23,274,0.0839416058394161
308,4,263,0.0152091254752852
309,1,129,0.00775193798449612
310,0,201,0
311,0,201,0
312,0,201,0
313,5,201,0.0248756218905473
314,8,201,0.0398009950248756
315,55,236,0.233050847457627
316,59,224,0.263392857142857
317,73,159,0.459119496855346
318,152,223,0.681614349775785
319,15,174,0.0862068965517241
320,10,172,0.0581395348837209
321,47,129,0.364341085271318
322,91,236,0.385593220338983
323,3,174,0.0172413793103448
324,27,225,0.12
325,122,223,0.547085201793722
326,7,223,0.031390134529148
327,5,197,0.0253807106598985
328,65,223,0.291479820627803
329,176,274,0.642335766423358
330,39,174,0.224137931034483
331,10,197,0.050761421319797
332,7,104,0.0673076923076923
333,119,274,0.434306569343066
334,147,195,0.753846153846154
335,109,274,0.397810218978102
336,33,155,0.212903225806452
337,1,159,0.00628930817610063
338,27,167,0.161676646706587
339,33,224,0.147321428571429
340,153,225,0.68
341,12,193,0.0621761658031088
342,90,274,0.328467153284672
343,98,155,0.632258064516129
344,124,224,0.553571428571429
345,0,224,0
346,42,159,0.264150943396226
347,32,263,0.121673003802281
348,3,172,0.0174418604651163
349,19,193,0.0984455958549223
350,0,129,0
351,7,174,0.0402298850574713
352,12,174,0.0689655172413793
353,31,224,0.138392857142857
354,0,223,0
355,3,174,0.0172413793103448
356,17,225,0.0755555555555556
357,0,274,0
358,46,263,0.174904942965779
359,2,197,0.0101522842639594
360,3,193,0.0155440414507772
361,25,201,0.124378109452736
362,42,201,0.208955223880597
363,0,159,0
364,3,172,0.0174418604651163
365,13,155,0.0838709677419355
366,44,201,0.218905472636816
367,13,159,0.0817610062893082
368,3,224,0.0133928571428571
369,9,129,0.0697674418604651
370,4,174,0.0229885057471264
371,48,172,0.27906976744186
372,50,167,0.29940119760479
373,97,193,0.50259067357513
374,18,197,0.0913705583756345
375,121,236,0.51271186440678
376,1,240,0.00416666666666667
377,82,274,0.299270072992701
378,123,195,0.630769230769231
379,51,263,0.193916349809886
380,67,201,0.333333333333333
381,1,197,0.0050761421319797
382,46,159,0.289308176100629
383,152,236,0.644067796610169
384,42,104,0.403846153846154
385,14,172,0.0813953488372093
386,29,172,0.168604651162791
387,0,197,0
388,25,201,0.124378109452736
389,0,197,0
390,0,155,0
391,3,201,0.0149253731343284
392,21,172,0.122093023255814
393,12,155,0.0774193548387097
394,0,174,0
395,2,201,0.00995024875621891
396,23,224,0.102678571428571
397,36,193,0.186528497409326
398,121,195,0.620512820512821
399,186,236,0.788135593220339
400,50,223,0.224215246636771
401,1,240,0.00416666666666667
402,77,159,0.484276729559748
403,123,195,0.630769230769231
404,18,159,0.113207547169811
405,97,223,0.434977578475336
406,107,224,0.477678571428571
407,18,240,0.075
408,60,193,0.310880829015544
409,4,159,0.0251572327044025
410,100,224,0.446428571428571
411,8,224,0.0357142857142857
412,0,240,0
413,8,201,0.0398009950248756
414,52,193,0.269430051813472
415,196,223,0.878923766816143
416,65,104,0.625
417,38,104,0.365384615384615
418,96,195,0.492307692307692
419,55,240,0.229166666666667
420,71,236,0.300847457627119
421,168,236,0.711864406779661
422,19,155,0.12258064516129
423,130,236,0.550847457627119
424,30,263,0.114068441064639
425,40,240,0.166666666666667
426,10,224,0.0446428571428571
427,24,159,0.150943396226415
428,28,240,0.116666666666667
429,7,155,0.0451612903225806
430,8,129,0.062015503875969
431,24,104,0.230769230769231
432,100,236,0.423728813559322
433,18,274,0.0656934306569343
434,41,197,0.208121827411168
435,51,167,0.305389221556886
436,27,174,0.155172413793103
437,17,104,0.163461538461538
438,83,223,0.37219730941704
439,48,129,0.372093023255814
440,14,201,0.0696517412935323
441,12,129,0.0930232558139535
442,15,104,0.144230769230769
443,29,224,0.129464285714286
444,1,223,0.00448430493273543
445,4,201,0.0199004975124378
446,1,240,0.00416666666666667
447,1,201,0.00497512437810945
448,0,240,0
449,12,201,0.0597014925373134
450,1,172,0.00581395348837209
451,7,155,0.0451612903225806
452,1,197,0.0050761421319797
453,3,201,0.0149253731343284
454,12,225,0.0533333333333333
455,29,195,0.148717948717949
456,1,240,0.00416666666666667
457,36,195,0.184615384615385
458,30,201,0.149253731343284
459,114,236,0.483050847457627
460,9,155,0.0580645161290323
461,89,201,0.442786069651741
462,59,174,0.339080459770115
463,91,193,0.471502590673575
464,39,159,0.245283018867925
465,177,236,0.75
466,127,195,0.651282051282051
467,13,201,0.0646766169154229
468,97,193,0.50259067357513
469,22,172,0.127906976744186
470,76,172,0.441860465116279
471,43,159,0.270440251572327
472,61,174,0.350574712643678
473,77,174,0.442528735632184
474,23,195,0.117948717948718
475,1,104,0.00961538461538462
476,40,240,0.166666666666667
477,16,129,0.124031007751938
478,0,155,0
479,21,174,0.120689655172414
480,6,159,0.0377358490566038
481,21,159,0.132075471698113
482,142,240,0.591666666666667
483,13,263,0.0494296577946768
484,77,225,0.342222222222222
485,0,201,0
486,13,167,0.0778443113772455
487,1,240,0.00416666666666667
488,58,197,0.294416243654822
489,63,159,0.39622641509434
490,50,174,0.28735632183908
